{
  "name": "intro",
  "waypoints": [
    {
      "x": 36.48029949881309,
      "y": 6.829057271339554,
      "z": -8.036519255921117,
      "yaw": 7.843999999999999,
      "pitch": -0.028957210450957144,
      "time": 0,
      "handleIn": {
        "x": 37.97959595991325,
        "y": 6.872487016970192,
        "z": -8.02155333039044
      },
      "handleOut": {
        "x": 34.98100303771293,
        "y": 6.7856275257089145,
        "z": -8.051485181451795
      }
    },
    {
      "x": 32.14912331720193,
      "y": 8.191492194584104,
      "z": -8.530969781884819,
      "yaw": 9.468,
      "pitch": 0.10865696572504673,
      "time": 3,
      "handleIn": {
        "x": 32.08469266774073,
        "y": 8.028827266896112,
        "z": -10.020731109316253
      },
      "handleOut": {
        "x": 32.213553966663135,
        "y": 8.354157122272095,
        "z": -7.041208454453384
      }
    },
    {
      "x": 30.64059709626712,
      "y": 8.221963670491352,
      "z": -7.915966654509847,
      "yaw": -0.9280000000000002,
      "pitch": 0.07561972123566063,
      "time": 6,
      "handleIn": {
        "x": 29.443394273102417,
        "y": 8.108642162594563,
        "z": -7.019382226776204
      },
      "handleOut": {
        "x": 31.83779991943183,
        "y": 8.335285178388139,
        "z": -8.812551082243488
      }
    }
  ]
}