{
  "name": "intro",
  "waypoints": [
    {
      "x": 38.319221551957085,
      "y": 6.6862669011121305,
      "z": -6.081755486836664,
      "yaw": 7.843999999999999,
      "pitch": -0.028957210450957144,
      "time": 0,
      "handleIn": {
        "x": 39.81851801305724,
        "y": 6.729696646742769,
        "z": -6.066789561305985
      },
      "handleOut": {
        "x": 36.81992509085693,
        "y": 6.642837155481492,
        "z": -6.0967214123673426
      }
    },
    {
      "x": 35.482516751499475,
      "y": 6.860801995070788,
      "z": -8.530969781884819,
      "yaw": 9.468,
      "pitch": 0.10865696572504673,
      "time": 3,
      "handleIn": {
        "x": 35.418086102038274,
        "y": 6.698137067382796,
        "z": -10.020731109316253
      },
      "handleOut": {
        "x": 35.546947400960676,
        "y": 7.02346692275878,
        "z": -7.041208454453384
      }
    }
  ]
}