{
  "name": "intro",
  "waypoints": [
    {
      "x": 36.03476012121359,
      "y": 7.466104497913181,
      "z": -9.088576659518628,
      "yaw": 7.843999999999999,
      "pitch": -0.028957210450957144,
      "time": 0,
      "handleIn": {
        "x": 37.534056582313745,
        "y": 7.509534243543823,
        "z": -9.07361073398795
      },
      "handleOut": {
        "x": 34.53546366011343,
        "y": 7.422674752282542,
        "z": -9.103542585049306
      }
    },
    {
      "x": 32.14912331720193,
      "y": 8.191492194584104,
      "z": -8.530969781884819,
      "yaw": 9.468,
      "pitch": 0.10865696572504673,
      "time": 3,
      "handleIn": {
        "x": 32.08469266774073,
        "y": 8.028827266896112,
        "z": -10.020731109316253
      },
      "handleOut": {
        "x": 32.213553966663135,
        "y": 8.354157122272095,
        "z": -7.041208454453384
      }
    },
    {
      "x": 30.64059709626712,
      "y": 8.221963670491352,
      "z": -7.915966654509847,
      "yaw": -0.9280000000000002,
      "pitch": 0.07561972123566063,
      "time": 6,
      "handleIn": {
        "x": 29.443394273102417,
        "y": 8.108642162594563,
        "z": -7.019382226776204
      },
      "handleOut": {
        "x": 31.83779991943183,
        "y": 8.335285178388139,
        "z": -8.812551082243488
      }
    }
  ]
}