{
  "name": "intro",
  "waypoints": [
    {
      "x": 38.319221551957085,
      "y": 6.6862669011121305,
      "z": -6.081755486836664,
      "yaw": 7.843999999999999,
      "pitch": -0.028957210450957144,
      "time": 0,
      "handleIn": {
        "x": 39.81851801305724,
        "y": 6.729696646742769,
        "z": -6.066789561305985
      },
      "handleOut": {
        "x": 36.81992509085693,
        "y": 6.642837155481492,
        "z": -6.0967214123673426
      }
    },
    {
      "x": 32.14912331720193,
      "y": 8.191492194584104,
      "z": -8.530969781884819,
      "yaw": 9.468,
      "pitch": 0.10865696572504673,
      "time": 3,
      "handleIn": {
        "x": 32.08469266774073,
        "y": 8.028827266896112,
        "z": -10.020731109316253
      },
      "handleOut": {
        "x": 32.213553966663135,
        "y": 8.354157122272095,
        "z": -7.041208454453384
      }
    },
    {
      "x": 27.32826646833065,
      "y": 7.112176907711426,
      "z": -1.491162661696749,
      "yaw": -0.9280000000000002,
      "pitch": 0.07561972123566063,
      "time": 6,
      "handleIn": {
        "x": 26.13106364516595,
        "y": 6.998855399814638,
        "z": -0.5945782339631066
      },
      "handleOut": {
        "x": 28.52546929149535,
        "y": 7.225498415608214,
        "z": -2.3877470894303916
      }
    }
  ]
}