{
  "name": "intro",
  "waypoints": [
    {
      "x": 38.319221551957085,
      "y": 6.6862669011121305,
      "z": -6.081755486836664,
      "yaw": 7.843999999999999,
      "pitch": -0.028957210450957144,
      "time": 0,
      "handleIn": {
        "x": 39.81851801305724,
        "y": 6.729696646742769,
        "z": -6.066789561305985
      },
      "handleOut": {
        "x": 36.81992509085693,
        "y": 6.642837155481492,
        "z": -6.0967214123673426
      }
    },
    {
      "x": 32.14912331720193,
      "y": 8.191492194584104,
      "z": -8.530969781884819,
      "yaw": 9.468,
      "pitch": 0.10865696572504673,
      "time": 3,
      "handleIn": {
        "x": 32.08469266774073,
        "y": 8.028827266896112,
        "z": -10.020731109316253
      },
      "handleOut": {
        "x": 32.213553966663135,
        "y": 8.354157122272095,
        "z": -7.041208454453384
      }
    },
    {
      "x": 30.64059709626712,
      "y": 8.221963670491352,
      "z": -7.915966654509847,
      "yaw": -0.9280000000000002,
      "pitch": 0.07561972123566063,
      "time": 6,
      "handleIn": {
        "x": 29.443394273102417,
        "y": 8.108642162594563,
        "z": -7.019382226776204
      },
      "handleOut": {
        "x": 31.83779991943183,
        "y": 8.335285178388139,
        "z": -8.812551082243488
      }
    }
  ]
}