{
  "name": "intro",
  "waypoints": [
    {
      "x": 27.361295121933917,
      "y": 7.053761161054348,
      "z": -7.943023683510802,
      "yaw": 3.0300000000000007,
      "pitch": -0.05193936930496579,
      "time": 0,
      "handleIn": {
        "x": 27.5281116414628,
        "y": 7.13163519055214,
        "z": -9.431683444618775
      },
      "handleOut": {
        "x": 27.194478602405034,
        "y": 6.975887131556557,
        "z": -6.454363922402829
      }
    }
  ]
}