{
  "name": "intro",
  "waypoints": [
    {
      "x": 36.03476012121359,
      "y": 7.01720085402762,
      "z": -9.2044942277039,
      "yaw": 7.843999999999999,
      "pitch": -0.028957210450957144,
      "time": 0,
      "handleIn": {
        "x": 37.534056582313745,
        "y": 7.0606305996582615,
        "z": -9.189528302173223
      },
      "handleOut": {
        "x": 35.14259325426382,
        "y": 6.770922016646151,
        "z": -9.219460153234579
      }
    },
    {
      "x": 32.14912331720193,
      "y": 5.445606319334188,
      "z": -5.54971161886123,
      "yaw": 9.468,
      "pitch": 0.10865696572504673,
      "time": 3,
      "handleIn": {
        "x": 32.08469266774073,
        "y": 5.2829413916461965,
        "z": -7.0394729462926655
      },
      "handleOut": {
        "x": 32.213553966663135,
        "y": 5.608271247022182,
        "z": -4.059950291429796
      }
    },
    {
      "x": 30.64059709626712,
      "y": 7.765258938748398,
      "z": -7.2915020028428374,
      "yaw": -0.9280000000000002,
      "pitch": 0.07561972123566063,
      "time": 6,
      "handleIn": {
        "x": 29.443394273102417,
        "y": 7.65193743085161,
        "z": -6.3949175751091945
      },
      "handleOut": {
        "x": 31.83779991943183,
        "y": 7.878580446645185,
        "z": -8.188086430576476
      }
    },
    {
      "x": 34.8853760162726,
      "y": 6.743118340100049,
      "z": -6.889690691481425,
      "yaw": 1.2540000000000002,
      "pitch": 0.11535744340792022,
      "time": 9,
      "handleIn": {
        "x": 36.301260140986315,
        "y": 6.570465694890748,
        "z": -6.425510543816845
      },
      "handleOut": {
        "x": 33.46949189155889,
        "y": 6.915770985309351,
        "z": -7.353870839146005
      }
    }
  ]
}