{
  "name": "intro",
  "waypoints": [
    {
      "x": 38.319221551957085,
      "y": 6.6862669011121305,
      "z": -6.081755486836664,
      "yaw": 7.843999999999999,
      "pitch": -0.028957210450957144,
      "time": 0,
      "handleIn": {
        "x": 39.81851801305724,
        "y": 6.729696646742769,
        "z": -6.066789561305985
      },
      "handleOut": {
        "x": 36.81992509085693,
        "y": 6.642837155481492,
        "z": -6.0967214123673426
      }
    }
  ]
}