{
  "name": "intro",
  "waypoints": [
    {
      "x": 27.361295121933917,
      "y": 7.053761161054348,
      "z": -7.943023683510802,
      "yaw": 3.0300000000000007,
      "pitch": -0.05193936930496579,
      "time": 0,
      "handleIn": {
        "x": 27.5281116414628,
        "y": 7.13163519055214,
        "z": -9.431683444618775
      },
      "handleOut": {
        "x": 27.194478602405034,
        "y": 6.975887131556557,
        "z": -6.454363922402829
      }
    },
    {
      "x": 31.02164351776699,
      "y": 4.3522039458432005,
      "z": -5.418132867823354,
      "yaw": 2.298000000000001,
      "pitch": -0.06193936930496581,
      "time": 3,
      "handleIn": {
        "x": 32.140049117417526,
        "y": 4.445053603822795,
        "z": -6.413395574691938
      },
      "handleOut": {
        "x": 29.90323791811645,
        "y": 4.259354287863605,
        "z": -4.4228701609547665
      }
    }
  ]
}