{
  "walls": [
    {
      "id": "w_0",
      "x": -46.731055629435744,
      "y": 6.139895862388448,
      "z": -23.99283884120354,
      "w": 0.8688358871709015,
      "h": 3,
      "d": -2.378818328165853
    }
  ],
  "snakePath": []
}